{
  "scene": {
    "visual_groups": 16,
    "visible_triangles": 108283,
    "static_collision_triangles": 2556,
    "fuel_bodies": 64,
    "robot_name": "Competition Robot (Reference Robot CAD)",
    "robot_visual_triangles": 1292887,
    "robot_split_cad_mechanisms": true,
    "robot_visual_vertices": 588676,
    "robot_chassis_colliders": 112,
    "robot_bumper_assemblies": 2,
    "robot_bumper_collision_pads": 6,
    "robot_bumper_zone_m": [
      0.065,
      0.14604999999999999
    ],
    "robot_bumper_continuous": true,
    "robot_bumper_profile": "front and rear C-shaped external soft assemblies",
    "robot_storage_net": "folding triangular white side net + sloped black top net",
    "robot_storage_motion": "reference-style four-bar compact -> raised horizontal carriage; intake below",
    "robot_storage_height_m": [
      0.51,
      0.74
    ],
    "robot_trench_clearance_m": 0.5651499999999999,
    "robot_wheels": 4,
    "robot_mass_kg": 52.0,
    "robot_articulated": true,
    "robot_drive": "competition four-module swerve",
    "robot_control": "calibrated shooter + moving-aim vector compensation"
  },
  "shots": [
    {
      "pose": [
        1.52,
        -5.55
      ],
      "alliance": "blue",
      "fired": true,
      "fired_indices": [
        0,
        1,
        2
      ],
      "scored": true,
      "scored_count": 3,
      "max_z": {
        "0": 2.929075002670288,
        "1": 2.9290754795074463,
        "2": 2.9290759563446045
      },
      "closest_to_markball_m": {
        "0": 0.16090591251850128,
        "1": 0.21109957993030548,
        "2": 0.22129522264003754
      },
      "closest_position": {
        "0": [
          -0.17544950544834137,
          -3.6474058628082275,
          1.3548263311386108
        ],
        "1": [
          -0.17493829131126404,
          -3.5443413257598877,
          1.356831669807434
        ],
        "2": [
          -0.039820361882448196,
          -3.467188835144043,
          1.3555582761764526
        ]
      },
      "solution": {
        "alliance": "blue",
        "distance_m": 2.41662823291354,
        "speed_mps": 6.990618911047232,
        "pitch_deg": 72.72489224810293,
        "motor_target_rps": 53.36466572921053,
        "desired_yaw_rad": -0.8791968131328547,
        "shot_yaw_rad": 2.2623958404569384,
        "flight_time_s": 1.1637818975196959,
        "yaw_error_deg": 0.026764897578931243,
        "aligned": true,
        "valid": true,
        "blocked_reason": ""
      },
      "trace": [
        [
          1.065918207168579,
          -5.252086639404297,
          0.7406415939331055
        ],
        [
          0.9556576609611511,
          -5.118720054626465,
          1.252632975578308
        ],
        [
          0.8453968167304993,
          -4.985353469848633,
          1.6964995861053467
        ],
        [
          0.7351359724998474,
          -4.851986885070801,
          2.0722413063049316
        ],
        [
          0.6248751282691956,
          -4.718620300292969,
          2.3798580169677734
        ],
        [
          0.5146142840385437,
          -4.585253715515137,
          2.619349718093872
        ],
        [
          0.40435343980789185,
          -4.451887130737305,
          2.7907164096832275
        ],
        [
          0.29409259557724,
          -4.318520545959473,
          2.893958330154419
        ],
        [
          0.18383175134658813,
          -4.185153961181641,
          2.929075002670288
        ],
        [
          0.07357090711593628,
          -4.051787376403809,
          2.896066665649414
        ],
        [
          -0.03668990731239319,
          -3.9184207916259766,
          2.794933319091797
        ],
        [
          -0.14695073664188385,
          -3.7850542068481445,
          2.6256749629974365
        ],
        [
          -0.2572115659713745,
          -3.6516876220703125,
          2.388291597366333
        ],
        [
          -0.36747241020202637,
          -3.5183210372924805,
          2.0827834606170654
        ],
        [
          -0.4252544939517975,
          -3.442139148712158,
          1.801185131072998
        ],
        [
          -0.3546772599220276,
          -3.5157418251037598,
          1.6754848957061768
        ],
        [
          -0.2617439031600952,
          -3.588916063308716,
          1.514511227607727
        ]
      ]
    },
    {
      "pose": [
        0.0,
        -5.55
      ],
      "alliance": "blue",
      "fired": true,
      "fired_indices": [
        3
      ],
      "scored": true,
      "scored_count": 1,
      "max_z": {
        "3": 2.841121196746826
      },
      "closest_to_markball_m": {
        "3": 0.23602120578289032
      },
      "closest_position": {
        "3": [
          0.04931483045220375,
          -3.461869478225708,
          1.371759295463562
        ]
      },
      "solution": {
        "alliance": "blue",
        "distance_m": 1.862577193793491,
        "speed_mps": 6.743769557461488,
        "pitch_deg": 75.90921437901459,
        "motor_target_rps": 50.32508098223949,
        "desired_yaw_rad": -1.5598429893891645,
        "shot_yaw_rad": 1.5817496642006286,
        "flight_time_s": 1.1340587182765127,
        "yaw_error_deg": 0.018260917084318918,
        "aligned": true,
        "valid": true,
        "blocked_reason": ""
      },
      "trace": [
        [
          -0.00539817288517952,
          -5.042118072509766,
          0.7416242957115173
        ],
        [
          -0.006860572844743729,
          -4.905246734619141,
          1.2424157857894897
        ],
        [
          -0.008322972804307938,
          -4.768375396728516,
          1.67508065700531
        ],
        [
          -0.009785372763872147,
          -4.631504058837891,
          2.0396227836608887
        ],
        [
          -0.011247772723436356,
          -4.494632720947266,
          2.336036205291748
        ],
        [
          -0.012710172683000565,
          -4.357761383056641,
          2.564326763153076
        ],
        [
          -0.014172572642564774,
          -4.220890045166016,
          2.724494457244873
        ],
        [
          -0.015634972602128983,
          -4.084018707275391,
          2.8165316581726074
        ],
        [
          -0.01709737256169319,
          -3.9471473693847656,
          2.8404459953308105
        ],
        [
          -0.0185597725212574,
          -3.8102760314941406,
          2.7962374687194824
        ],
        [
          -0.02002217248082161,
          -3.6734046936035156,
          2.683906078338623
        ],
        [
          -0.02148457244038582,
          -3.5365333557128906,
          2.503444194793701
        ],
        [
          -0.022946972399950027,
          -3.3996620178222656,
          2.254859447479248
        ],
        [
          -0.024409372359514236,
          -3.2627906799316406,
          1.9381502866744995
        ],
        [
          0.007737069856375456,
          -3.235579013824463,
          1.6822632551193237
        ],
        [
          0.034497350454330444,
          -3.35502028465271,
          1.5260200500488281
        ]
      ]
    },
    {
      "pose": [
        -1.0,
        -5.55
      ],
      "alliance": "blue",
      "fired": true,
      "fired_indices": [
        6,
        7
      ],
      "scored": true,
      "scored_count": 2,
      "max_z": {
        "6": 2.8847882747650146,
        "7": 2.884796380996704
      },
      "closest_to_markball_m": {
        "6": 0.24772164225578308,
        "7": 0.23036357760429382
      },
      "closest_position": {
        "6": [
          -0.002138624433428049,
          -3.4403696060180664,
          1.3594540357589722
        ],
        "7": [
          0.13713766634464264,
          -3.5188732147216797,
          1.3623124361038208
        ]
      },
      "solution": {
        "alliance": "blue",
        "distance_m": 2.1045250652118295,