{
  "w_field_displacement": [
    2.463888645172119,
    -0.00635388121008873,
    0.00017996132373809814
  ],
  "a_field_displacement": [
    -0.03985436633229256,
    2.338491201400757,
    -4.048645496368408e-05
  ],
  "w_pass": true,
  "a_pass": true,
  "intake_pass": true,
  "intake_debug": {
    "local_xyz": [
      0.4000445306301117,
      0.2283852994441986,
      0.27176669239997864
    ],
    "magazine": [
      0,
      1,
      2,
      3,
      4,
      5,
      6,
      7,
      8
    ],
    "captured": [
      0,
      1,
      2,
      3,
      4,
      5,
      6,
      7,
      8
    ],
    "transit": {},
    "release_target": {}
  },
  "intake_samples": [
    [
      0.4955466389656067,
      0.20927147567272186,
      0.09272348135709763
    ],
    [
      0.5895845890045166,
      0.2489185482263565,
      0.08518773317337036
    ],
    [
      0.5051295757293701,
      0.21332654356956482,
      0.09536823630332947
    ],
    [
      0.3793220818042755,
      0.16020306944847107,
      0.07866010814905167
    ],
    [
      0.3693598806858063,
      0.15597672760486603,
      0.24440132081508636
    ],
    [
      0.3686816096305847,
      0.1555420458316803,
      0.33520644903182983
    ],
    [
      0.3492569625377655,
      0.20153340697288513,
      0.3298038840293884
    ],
    [
      0.3299221694469452,
      0.24739475548267365,
      0.32621678709983826
    ],
    [
      0.31057003140449524,
      0.29315078258514404,
      0.324993371963501
    ],
    [
      0.2914430499076843,
      0.3383776545524597,
      0.3274015486240387
    ],
    [
      0.27982187271118164,
      0.36597347259521484,
      0.2806055247783661
    ],
    [
      0.27985239028930664,
      0.36600208282470703,
      0.27377864718437195
    ]
  ],
  "intake_velocity_samples": [
    {
      "commanded": [
        0.0,
        0.0,
        0.0
      ],
      "after": [
        0.00868002325296402,
        0.002464903052896261,
        -0.2555767595767975
      ]
    },
    {
      "commanded": [
        0.0008828169666230679,
        -0.0017160457791760564,
        -0.0003131968551315367
      ],
      "after": [
        0.0008828169666230679,
        -0.0017160457791760564,
        -0.32731321454048157
      ]
    },
    {
      "commanded": [
        0.0013071538414806128,
        0.0004619775281753391,
        -0.0011060861870646477
      ],
      "after": [
        0.013037314638495445,
        0.007302399724721909,
        -0.30904456973075867
      ]
    },
    {
      "commanded": [
        0.0002308907569386065,
        0.0026643795426934958,
        -0.0006131711998023093
      ],
      "after": [
        -0.03545188158750534,
        -0.012524993158876896,
        -0.0755753368139267
      ]
    },
    {
      "commanded": [
        0.0013550914591178298,
        0.0008341943612322211,
        -0.0003359125112183392
      ],
      "after": [
        -0.009084014222025871,
        -0.004100385122001171,
        -0.0017406720435246825
      ]
    },
    {
      "commanded": [
        0.0019053516443818808,
        -0.002068554051220417,
        0.00046426578774116933
      ],
      "after": [
        0.0019053516443818808,
        -0.002068554051220417,
        -0.32653576135635376
      ]
    },
    {
      "commanded": [
        0.0006332680350169539,
        -0.0015164661454036832,
        -0.00024836082593537867
      ],
      "after": [
        0.0006332680350169539,
        -0.0015164661454036832,
        -0.32724839448928833
      ]
    },
    {
      "commanded": [
        0.0021346521098166704,
        -0.0032215332612395287,
        0.0006021141889505088
      ],
      "after": [
        0.0021346521098166704,
        -0.0032215332612395287,
        -0.3263978958129883
      ]
    },
    {
      "commanded": [
        -0.0004396623116917908,
        -0.0003809140471275896,
        -3.494478005450219e-05
      ],
      "after": [
        -0.0004396623116917908,
        -0.0003809140471275896,
        -0.32703495025634766
      ]
    },
    {
      "commanded": [
        6.998025583015988e-06,
        -0.0011954503133893013,
        -6.905643385834992e-05
      ],
      "after": [
        6.998025583015988e-06,
        -0.0011954503133893013,
        -0.32706907391548157
      ]
    },
    {
      "commanded": [
        0.001433824421837926,
        -0.0018603650387376547,
        5.6071887229336426e-05
      ],
      "after": [
        0.001433824421837926,
        -0.0018603650387376547,
        -0.32694393396377563
      ]
    },
    {
      "commanded": [
        0.0009353478671982884,
        0.0008497139206156135,
        -0.0004303320311009884
      ],
      "after": [
        0.0009353478671982884,
        0.0008497139206156135,
        -0.3274303674697876
      ]
    }
  ],
  "hopper": 8,
  "transit": 0,
  "bump_max_robot_z_m": 0.11470426619052887,
  "bump_max_tilt_deg": 18.42243694422671,
  "stability_pass": true,
  "retained_preloads": 8,
  "retention_pass": true,
  "retention_corrections": 0,
  "passed": true
}
