{
  "source_sequence": "CloseStorage(0.02) -> PassTrench -> StartStorage(0.99)",
  "compact_position": 0.02,
  "compact_top_m": 0.51,
  "trench_clear_height_m": 0.5651499999999999,
  "intake_stowed": true,
  "compact_joint_positions": {
    "intake_fold": -0.31164827942848206,
    "horizontal_retract": -0.14499735832214355,
    "vertical_lower": -0.20799989998340607,
    "shooter_lower": -0.14000000059604645
  },
  "compact_preload_local_xyz": [
    [
      -0.16030000150203705,
      -0.23250000178813934,
      0.21529999375343323
    ],
    [
      -0.1670999974012375,
      -0.07750000059604645,
      0.23430000245571136
    ],
    [
      -0.16030000150203705,
      0.07750000059604645,
      0.21539999544620514
    ],
    [
      -0.1670999974012375,
      0.23250000178813934,
      0.23420000076293945
    ],
    [
      -0.29789999127388,
      -0.23250000178813934,
      0.3711000084877014
    ],
    [
      -0.29789999127388,
      -0.07750000059604645,
      0.3709999918937683
    ],
    [
      -0.29789999127388,
      0.07750000059604645,
      0.3709999918937683
    ],
    [
      -0.29829999804496765,
      0.23250000178813934,
      0.3709999918937683
    ]
  ],
  "entered_trench": true,
  "end_position": [
    -3.347074031829834,
    -2.9343976974487305,
    0.0020456463098526
  ],
  "max_robot_origin_z_m": 0.0028630048036575317,
  "max_tilt_deg": 0.12185748983092387,
  "retained_preloads": 8,
  "feeder_staged": 8,
  "scene_compact_height_m": 0.51,
  "compact_collision_envelope_top_m": 0.533,
  "camera_collision_envelope_top_m": 0.515,
  "xrc_roof_bottom_m": 0.591,
  "minimum_envelope_clearance_m": 0.05513699519634241,
  "minimum_camera_clearance_m": 0.07313699519634242,
  "stable_under_roof": true,
  "dynamic_drive_completed": true,
  "nearest_collision_pairs": [
    {
      "distance_m": 0.0,
      "robot": "/World/Robot/CompetitionRobot/chassis/CADMechanisms/HopperBase/Colliders/Wall_1",
      "field": "/World/FieldCollision",
      "robot_min": [
        -3.5051,
        -3.2944,
        0.362
      ],
      "robot_max": [
        -3.469,
        -2.5744,
        0.5021
      ],
      "field_min": [
        -4.2134,
        -9.2611,
        -0.998
      ],
      "field_max": [
        4.1309,
        9.2611,
        3.0617
      ]
    },
    {
      "distance_m": 0.0,
      "robot": "/World/Robot/CompetitionRobot/chassis/CADMechanisms/HopperBase/Colliders/Wall_2",
      "field": "/World/FieldCollision",
      "robot_min": [
        -3.4971,
        -2.6004,
        0.1471
      ],
      "robot_max": [
        -2.8371,
        -2.5643,
        0.5021
      ],
      "field_min": [
        -4.2134,
        -9.2611,
        -0.998
      ],
      "field_max": [
        4.1309,
        9.2611,
        3.0617
      ]
    },
    {
      "distance_m": 0.0,
      "robot": "/World/Robot/CompetitionRobot/chassis/CADMechanisms/HopperBase/Colliders/Wall_3",
      "field": "/World/FieldCollision",
      "robot_min": [
        -3.497,
        -3.3044,
        0.147
      ],
      "robot_max": [
        -2.837,
        -3.2683,
        0.5021
      ],
      "field_min": [
        -4.2134,
        -9.2611,
        -0.998
      ],
      "field_max": [
        4.1309,
        9.2611,
        3.0617
      ]
    },
    {
      "distance_m": 0.0,
      "robot": "/World/Robot/CompetitionRobot/chassis/CADMechanisms/HopperBase/Colliders/Roller_00",
      "field": "/World/FieldCollision",
      "robot_min": [
        -3.6251,
        -3.2054,
        0.123
      ],
      "robot_max": [
        -3.593,
        -2.6594,
        0.155
      ],
      "field_min": [
        -4.2134,
        -9.2611,
        -0.998
      ],
      "field_max": [
        4.1309,
        9.2611,
        3.0617
      ]
    },
    {
      "distance_m": 0.0,
      "robot": "/World/Robot/CompetitionRobot/chassis/CADMechanisms/HopperBase/Colliders/Roller_01",
      "field": "/World/FieldCollision",
      "robot_min": [
        -3.5701,
        -3.2054,
        0.115
      ],
      "robot_max": [
        -3.538,
        -2.6594,
        0.147
      ],
      "field_min": [
        -4.2134,
        -9.2611,
        -0.998
      ],
      "field_max": [
        4.1309,
        9.2611,
        3.0617
      ]
    },
    {
      "distance_m": 0.0,
      "robot": "/World/Robot/CompetitionRobot/chassis/CADMechanisms/HopperBase/Colliders/Roller_02",
      "field": "/World/FieldCollision",
      "robot_min": [
        -3.3321,
        -3.2054,
        0.198
      ],
      "robot_max": [
        -3.3,
        -2.6594,
        0.2301
      ],
      "field_min": [
        -4.2134,
        -9.2611,
        -0.998
      ],
      "field_max": [
        4.1309,
        9.2611,
        3.0617
      ]
    },
    {
      "distance_m": 0.0,
      "robot": "/World/Robot/CompetitionRobot/chassis/CADMechanisms/HopperBase/Colliders/Roller_03",
      "field": "/World/FieldCollision",
      "robot_min": [
        -3.2661,
        -3.2054,
        0.209
      ],
      "robot_max": [
        -3.234,
        -2.6594,
        0.2411
      ],
      "field_min": [
        -4.2134,
        -9.2611,
        -0.998
      ],
      "field_max": [
        4.1309,
        9.2611,
        3.0617
      ]
    },
    {
      "distance_m": 0.0,
      "robot": "/World/Robot/CompetitionRobot/chassis/CADMechanisms/HopperBase/Colliders/Roller_04",
      "field": "/World/FieldCollision",
      "robot_min": [
        -3.1991,
        -3.2054,
        0.219
      ],
      "robot_max": [
        -3.167,
        -2.6594,
        0.2511
      ],
      "field_min": [
        -4.2134,
        -9.2611,
        -0.998
      ],
      "field_max": [
        4.1309,
        9.2611,
        3.0617
      ]
    },
    {
      "distance_m": 0.0,
      "robot": "/World/Robot/CompetitionRobot/chassis/CADMechanisms/HopperBase/Colliders/FeederTunnelFloor",
      "field": "/World/FieldCollision",
      "robot_min": [
        -3.6821,
        -3.2745,
        0.123
      ],
      "robot_max": [
        -3.482,
        -2.5944,
        0.1351
      ],
      "field_min": [
        -4.2134,
        -9.2611,
        -0.998
      ],
      "field_max": [
        4.1309,
        9.2611,
        3.0617
      ]
    },
    {
      "distance_m": 0.0,
      "robot": "/World/Robot/CompetitionRobot/chassis/Sensors/Cameras/navigation/HousingCollider",
      "field": "/World/FieldCollision",
      "robot_min": [
        -3.4372,
        -2.5894,
        0.4571
      ],
      "robot_max": [
        -3.3571,
        -2.5094,
        0.5071
      ],
      "field_min": [
        -4.2134,
        -9.2611,
        -0.998
      ],
      "field_max": [
        4.1309,
        9.2611,
        3.0617
      ]
    },
    {
      "distance_m": 0.0,
      "robot": "/World/Robot/CompetitionRobot/chassis/NetCollisionCompact/C00",
      "field": "/World/FieldCollision",
      "robot_min": [
        -3.1579,
        -3.2844,
        0.4926
      ],
      "robot_max": [
        -3.1302,
        -3.1677,
        0.536
      ],
      "field_min": [
        -4.2134,
        -9.2611,
        -0.998
      ],
      "field_max": [
        4.1309,
        9.2611,
        3.0617
      ]
    },
    {
      "distance_m": 0.0,
      "robot": "/World/Robot/CompetitionRobot/chassis/NetCollisionCompact/C01",
      "field": "/World/FieldCollision",
      "robot_min": [
        -3.1579,
        -3.1677,
        0.4847
      ],
      "robot_max": [
        -3.1302,
        -3.051,
        0.5266
      ],
      "field_min": [
        -4.2134,
        -9.2611,
        -0.998
      ],