{
  "onboard_intake": 10.7727700000396,
  "onboard_shooter": 10.252399999808404,
  "chase": 10.03652500003227,
  "overhead_field": 10.288805000163848,
  "hub_pov": 10.177539999858709,
  "_baseline_no_render_product": 7.507524999891757
}